[{"id":"baf884be-531f-441f-ae88-64205efdd0f6","codename":"metadata","last_modified":"2018-06-20T10:25:49.133Z","name":"Metadata","elements":[{"guidelines":"<h1>Browser metadata</h1>\n<p>If you're interested in reading more about meta descriptions, here's a good article about that:&nbsp;<a href=\"https://www.contentkingapp.com/academy/meta-description/\">https://www.contentkingapp.com/academy/meta-description/</a>.</p>","type":"guidelines","id":"1b923f2b-8b6a-b384-84ae-5be721c005c9","codename":"metadata__n1b923f2b_8b6a_b384_84ae_5be721c005c9"},{"maximum_text_length":{"value":60,"applies_to":"characters"},"validation_regex":null,"default":null,"name":"Meta title","guidelines":"Length: 30–60 characters","is_required":false,"is_non_localizable":false,"type":"text","id":"09398b24-61ed-512e-5b5c-affd54a098e5","codename":"metadata__meta_title"},{"maximum_text_length":{"value":150,"applies_to":"characters"},"validation_regex":null,"default":null,"name":"Meta description","guidelines":"Length: 70–150 characters","is_required":false,"is_non_localizable":false,"type":"text","id":"2e555cc1-1eae-520c-189e-28548904f529","codename":"metadata__meta_description"},{"guidelines":"<h1>Facebook metadata</h1>\n<p>These are required Facebook metadata elements for each page:</p>\n<p>&lt;meta property=\"og:title\"&nbsp;content=\"The Open Graph title of this page\"&nbsp;/&gt;<br/>\n&lt;meta property=\"og:type\"&nbsp;content=\"website\"&nbsp;/&gt;<br/>\n&lt;meta property=\"og:url\"&nbsp;content=\"The URL of this page\"&nbsp;/&gt;<br/>\n&lt;meta property=\"og:image\"&nbsp;content=\"The URL of a descriptive image of this page\"&nbsp;/&gt;</p>\n<p>On top of that we're including:</p>\n<p>&lt;meta property=\"og:description\"&nbsp;content=\"The Open Graph description of this page\"&nbsp;/&gt;</p>\n<p>For more info about Facebook metadata elements, see&nbsp;<a href=\"http://blog.rafflecopter.com/2015/12/facebook-sharing-optimization/\">http://blog.rafflecopter.com/2015/12/facebook-sharing-optimization/</a>.</p>","type":"guidelines","id":"eb7bfe60-3636-9ee1-3113-18516d5e9cdc","codename":"metadata__eb7bfe60_3636_9ee1_3113_18516d5e9cdc"},{"maximum_text_length":{"value":60,"applies_to":"characters"},"validation_regex":null,"default":null,"name":"og:title","guidelines":"Max. 60 characters","is_required":false,"is_non_localizable":false,"type":"text","id":"1db86c7a-e836-3c4e-01e6-4f704ad38ba5","codename":"metadata__og_title"},{"maximum_text_length":{"value":150,"applies_to":"characters"},"validation_regex":null,"default":null,"name":"og:description","guidelines":"Max. 150 characters","is_required":false,"is_non_localizable":false,"type":"text","id":"05987dc9-ebe3-7b61-b949-522eb42dbc0d","codename":"metadata__og_description"},{"asset_count_limit":null,"maximum_file_size":1048576,"allowed_file_types":"adjustable","image_width_limit":null,"image_height_limit":null,"default":null,"name":"og:image","guidelines":"Use images that are at least 1200 × 630 px for best display on high resolution devices. At the minimum, you should use images that are 600 × 315 px to display link page posts with larger images. Images may be up to 1 MB in size.","is_required":false,"is_non_localizable":false,"type":"asset","id":"ce6cda71-9d38-1d57-3ac3-ec9b2e286edd","codename":"metadata__og_image"},{"guidelines":"<h1>Twitter metadata</h1>\n<p>We're using summary_large_image card:</p>\n<p>&lt;meta name=\"twitter:card\" content=\"summary_large_image\"&gt;<br/>\n&lt;meta name=\"twitter:site\" content=\"@nytimes\"&gt;<br/>\n&lt;meta name=\"twitter:creator\" content=\"@SarahMaslinNir\"&gt;<br/>\n&lt;meta name=\"twitter:title\" content=\"Parade of Fans for Houston’s Funeral\"&gt;<br/>\n&lt;meta name=\"twitter:description\" content=\"NEWARK - The guest list and parade of limousines with celebrities emerging from them seemed more suited to a red carpet event in Hollywood or New York than than a gritty stretch of Sussex Avenue near the former site of the James M. Baxter Terrace public housing project here.\"&gt;<br/>\n&lt;meta name=\"twitter:image\" content=\"http://graphics8.nytimes.com/images/2012/02/19/us/19whitney-span/19whitney-span-articleLarge.jpg\"&gt;</p>","type":"guidelines","id":"9b0e3195-e20c-755f-97be-ca675c2d6458","codename":"metadata__n9b0e3195_e20c_755f_97be_ca675c2d6458"},{"maximum_text_length":null,"validation_regex":null,"default":null,"name":"twitter:site","guidelines":null,"is_required":false,"is_non_localizable":false,"type":"text","id":"34213fdf-0015-8f4f-e5e6-83c6842cff4a","codename":"metadata__twitter_site"},{"maximum_text_length":null,"validation_regex":null,"default":null,"name":"twitter:creator","guidelines":null,"is_required":false,"is_non_localizable":false,"type":"text","id":"68f65095-c9b4-05d6-a473-2883c2f0c7af","codename":"metadata__twitter_creator"},{"maximum_text_length":{"value":60,"applies_to":"characters"},"validation_regex":null,"default":null,"name":"twitter:title","guidelines":"Max. 60 characters","is_required":false,"is_non_localizable":false,"type":"text","id":"b208d3dc-bd8d-b1af-5ef0-747650730ba7","codename":"metadata__twitter_title"},{"maximum_text_length":{"value":150,"applies_to":"characters"},"validation_regex":null,"default":null,"name":"twitter:description","guidelines":"A description that concisely summarizes the content as appropriate for presentation within a Tweet. You should not re-use the title as the description, or use this field to describe the general services provided by the website. \n\nMax. 150 characters.","is_required":false,"is_non_localizable":false,"type":"text","id":"b7d1dd8b-a5d8-2ad8-2f57-49881363f6f7","codename":"metadata__twitter_description"},{"asset_count_limit":null,"maximum_file_size":1048576,"allowed_file_types":"adjustable","image_width_limit":null,"image_height_limit":null,"default":null,"name":"twitter:image","guidelines":"Twitter's recommendation: A URL to a unique image representing the content of the page. You should not use a generic image such as your website logo, author photo, or other image that spans multiple pages. Images for this Card should be at least 280 × 150 px. Images may be up to 1 MB in size.\n\nLet's go for 560 × 300 px.","is_required":false,"is_non_localizable":false,"type":"asset","id":"63793ba4-6004-a93c-68ca-52a1f0482bca","codename":"metadata__twitter_image"}]},{"id":"83639954-da29-4743-b11d-0949069d399f","codename":"guidelines_for_content_creators","last_modified":"2022-07-18T11:23:35.7533151Z","name":"Guidelines for content creators","elements":[{"guidelines":"<h2>Keep Guidelines where the creative process happens.</h2>\n<p>These are sample guidelines that you can place for the whole content item. It’s a place where you can include your content brief, voice and tone recommendations, or the URL to a wireframe, so the content creators will have all the relevant instructions at hand before writing a single line.</p>\n<p>Besides overview guidelines, you can also include instructions for each content element as you see below.</p>","type":"guidelines","id":"440462cd-adee-42ea-a774-c207da12992c","codename":"guidelines_for_content_creators__guidelines"}]}]