{"space_domains":[],"preview_url_patterns":[{"content_type":{"id":"b2c14f2c-6467-460b-a70b-bca17972a33a"},"url_patterns":[{"space":null,"url_pattern":"<url-to-your-deployed-sample-app>/{Lang}/About"}]},{"content_type":{"id":"b7aa4a53-d9b1-48cf-b7a6-ed0b182c4b89"},"url_patterns":[{"space":null,"url_pattern":"<url-to-your-deployed-sample-app>/{Lang}/articles/{URLslug}"}]},{"content_type":{"id":"7bc932b3-ce2a-4aa7-954e-04cbcbd214fc"},"url_patterns":[{"space":null,"url_pattern":"<url-to-your-deployed-sample-app>/{Lang}/product/detail/{URLslug}"}]},{"content_type":{"id":"fe41ae5a-5fe2-420a-8560-f7d6d3533dc2"},"url_patterns":[{"space":null,"url_pattern":"<url-to-your-deployed-sample-app>/{Lang}/Cafes"}]},{"content_type":{"id":"929985ac-4aa5-436b-85a2-94c2d4fbbebd"},"url_patterns":[{"space":null,"url_pattern":"<url-to-your-deployed-sample-app>/{Lang}/product/detail/{URLslug}"}]},{"content_type":{"id":"b99ec220-0f2b-4658-a080-ff0afe92f6d1"},"url_patterns":[{"space":null,"url_pattern":"<url-to-your-deployed-sample-app>/{Lang}/About"}]},{"content_type":{"id":"a29399c3-5281-47ab-9916-acd4a6f887b7"},"url_patterns":[{"space":null,"url_pattern":"<url-to-your-deployed-sample-app>/{Lang}"}]}]}