[{"last_modified":"2023-03-09T16:16:22.3750955Z","id":"d351400e-0290-87b2-1413-6c411d8ae5a4","name":"Processing","codename":"processing","terms":[{"id":"a831d60b-ff0e-7df1-61d2-73e851a5deab","name":"Wet (Washed)","codename":"wet__washed_","terms":[]},{"id":"ac34eaa7-8463-62b9-825e-66aff9e6b216","name":"Dry (Natural)","codename":"dry__natural_","terms":[]},{"id":"908321fa-776d-d441-6a72-76fba3959c1d","name":"Semi-dry","codename":"semi_dry","terms":[]}]},{"last_modified":"2023-03-09T16:16:22.0061683Z","id":"f30c7f72-e9ab-8832-2a57-62944a038809","name":"Personas","codename":"personas","terms":[{"id":"6693ca6e-79e0-57e4-000d-d23d5ce8f656","name":"Coffee expert","codename":"coffee_expert","terms":[{"id":"6a372f43-ccd7-e524-6308-c2094e7b6596","name":"Barista","codename":"barista","terms":[]},{"id":"cdf2f3c6-89e3-5df1-f7de-7179460bd6b4","name":"Cafe owner","codename":"cafe_owner","terms":[]}]},{"id":"ab2b73a3-473d-4232-0652-495598f5d670","name":"Coffee enthusiast","codename":"coffee_enthusiast","terms":[{"id":"208a9095-1b92-10da-7627-75ae311935cf","name":"Coffee lover","codename":"coffee_lover","terms":[]},{"id":"4fa27320-c363-3ebe-5ab5-b531300f053f","name":"Coffee blogger","codename":"coffee_blogger","terms":[]}]}]},{"last_modified":"2023-03-09T16:16:22.816188Z","id":"538125ff-c59c-4193-88ce-71a7016830ed","name":"Sitemap","codename":"sitemap_538125f","terms":[{"id":"796ad1bc-7d9f-426f-97ba-d16003c3f04c","name":"Home","codename":"home","terms":[]},{"id":"6bb115ce-4f92-44c6-8643-d148f9f7028a","name":"Products","codename":"products","terms":[{"id":"30453aab-633b-4e7c-b9b3-cda95163ad0f","name":"Coffee","codename":"coffee","terms":[]},{"id":"c66be017-bacc-403f-9f98-8ead623d687e","name":"Brewers","codename":"brewers","terms":[]},{"id":"baa49a0a-479a-4279-9fe0-f29393f330c5","name":"Accessories","codename":"accessories","terms":[]},{"id":"82b3f64d-a41f-4f78-a410-c6c0e095b3c7","name":"Grinders","codename":"grinders","terms":[]}]},{"id":"2ab0aad5-7609-4371-8d6e-cb4a917b2ad1","name":"Cafes","codename":"cafes","terms":[{"id":"f319b28e-c194-496a-b188-4f91cc010a67","name":"North America","codename":"north_america","terms":[]},{"id":"bbac5542-33b5-40ad-a3a9-2f2d37a40ab3","name":"Europe","codename":"europe","terms":[]},{"id":"405c6578-8233-4277-9826-6b5e74dc6f39","name":"Australia","codename":"australia","terms":[]}]},{"id":"7ca9b56c-6379-46dc-ae90-3df4b9abd217","name":"Articles","codename":"articles","terms":[]},{"id":"3f7bee52-08cc-4a12-8fe9-dbce05871ca0","name":"Offices","codename":"offices","terms":[]},{"id":"bbe0ed98-bc68-4f9b-85cb-73cb28078b3c","name":"About us","codename":"about_us","terms":[]}]},{"last_modified":"2023-03-09T16:16:19.6167234Z","id":"4ce421e9-c403-eee8-fdc2-74f09392a749","name":"Manufacturer","codename":"manufacturer","terms":[{"id":"f04c8552-1b97-a49b-3944-79275622f471","name":"Aerobie","codename":"aerobie","terms":[]},{"id":"16d27bf1-e0f4-8646-0e54-1b71efc6947f","name":"Chemex","codename":"chemex","terms":[]},{"id":"b378225f-6dfc-e261-3848-dd030a6d7883","name":"Espro","codename":"espro","terms":[]},{"id":"6fde9724-5b72-8bc9-6da0-4f0573a54532","name":"Hario","codename":"hario","terms":[]}]},{"last_modified":"2023-03-09T16:16:21.6352088Z","id":"79b1c5b6-30bc-d076-a236-d9ec9f1ff01b","name":"Product status","codename":"product_status","terms":[{"id":"6352c8bf-8024-9986-8373-35445e1f0d59","name":"On sale","codename":"on_sale","terms":[]},{"id":"8d808da3-29de-e608-5699-8565687dd474","name":"Bestseller","codename":"bestseller","terms":[]}]}]