[{"id":"00000000-0000-0000-0000-000000000000","name":"Default","codename":"default","scopes":[],"steps":[{"id":"88ac5e6e-1c5c-4638-96e1-0d61221ad5bf","name":"Draft","codename":"draft","color":"red","transitions_to":[{"step":{"id":"13145328-b946-4e47-9c9d-6f40c7aaeaef"}},{"step":{"id":"7a535a69-ad34-47f8-806a-def1fdf4d391"}},{"step":{"id":"b4363ccd-8f21-45fd-a840-5843d7b7f008"}}],"role_ids":[]},{"id":"13145328-b946-4e47-9c9d-6f40c7aaeaef","name":"Review","codename":"review","color":"yellow","transitions_to":[{"step":{"id":"88ac5e6e-1c5c-4638-96e1-0d61221ad5bf"}},{"step":{"id":"48de7f2d-80de-4a8e-9efb-fc23bffbf75a"}},{"step":{"id":"b4363ccd-8f21-45fd-a840-5843d7b7f008"}},{"step":{"id":"7a535a69-ad34-47f8-806a-def1fdf4d391"}}],"role_ids":[]},{"id":"48de7f2d-80de-4a8e-9efb-fc23bffbf75a","name":"SEO verification","codename":"seo_verification","color":"light-green","transitions_to":[{"step":{"id":"13145328-b946-4e47-9c9d-6f40c7aaeaef"}},{"step":{"id":"99435d07-a9b7-4273-b439-a6e4bc125140"}},{"step":{"id":"7a535a69-ad34-47f8-806a-def1fdf4d391"}}],"role_ids":[]},{"id":"99435d07-a9b7-4273-b439-a6e4bc125140","name":"Ready for approval","codename":"ready_for_approval","color":"mint-green","transitions_to":[{"step":{"id":"48de7f2d-80de-4a8e-9efb-fc23bffbf75a"}},{"step":{"id":"a1b9efa3-8270-47e4-8d8d-b182710d1e3b"}},{"step":{"id":"7a535a69-ad34-47f8-806a-def1fdf4d391"}}],"role_ids":[]},{"id":"a1b9efa3-8270-47e4-8d8d-b182710d1e3b","name":"Approved","codename":"approved","color":"light-blue","transitions_to":[{"step":{"id":"99435d07-a9b7-4273-b439-a6e4bc125140"}},{"step":{"id":"b4363ccd-8f21-45fd-a840-5843d7b7f008"}},{"step":{"id":"7a535a69-ad34-47f8-806a-def1fdf4d391"}}],"role_ids":[]}],"published_step":{"id":"b4363ccd-8f21-45fd-a840-5843d7b7f008","name":"Published","codename":"published","unpublish_role_ids":[],"create_new_version_role_ids":[]},"scheduled_step":{"id":"9d2b0228-4d0d-4c23-8b49-01a698857709","name":"Scheduled","codename":"scheduled"},"archived_step":{"id":"7a535a69-ad34-47f8-806a-def1fdf4d391","name":"Archived","codename":"archived","role_ids":[]}}]